{"cameraMode":{"drawMode":0,"name":"Shaded","section":"Shading Mode"},"sceneLighting":false,"audioPlay":false,"sceneViewState":{"showFog":true,"showMaterialUpdate":false,"showSkybox":false,"showFlares":true,"showImageEffects":true,"showParticleSystems":true},"in2DMode":false,"pivot":{"x":-0.2500002384185791,"y":1.070000171661377,"z":-1.679999828338623},"rotation":{"x":-0.36402174830436709,"y":-0.2583116888999939,"z":0.10581724345684052,"w":-0.8885812759399414},"size":3.4381988048553469,"orthographic":false}