{"cameraMode":{"drawMode":0,"name":"Shaded","section":"Shading Mode"},"sceneLighting":false,"audioPlay":false,"sceneViewState":{"showFog":true,"showMaterialUpdate":false,"showSkybox":false,"showFlares":true,"showImageEffects":true,"showParticleSystems":true},"in2DMode":false,"pivot":{"x":0.7899999618530273,"y":-1.2699997425079346,"z":-1.8700001239776612},"rotation":{"x":-0.36402174830436709,"y":-0.2583116888999939,"z":0.10581724345684052,"w":-0.8885812759399414},"size":26.637874603271486,"orthographic":false}